Workbook

Sheet Config
A1: Parameter | B1: Value
A2: Sprint Length (days) | B2: 10
A3: Target Commitment % | B3: 90
A4: Target Carry-over % | B4: 10
A5: Target Cycle Time | B5: 6
A6: Target Prod Ready % | B6: 100

Sheet Sprint_Data
A1: Sprint | B1: Story Key | C1: Title | D1: Team | E1: Story Type | F1: Story Points | G1: Committed(Y/N) | H1: Completed(Y/N) | I1: Production Ready(Y/N) | J1: Carry Over(Y/N) | K1: Created | L1: In Progress | M1: Done | N1: Blocked Days | O1: Unplanned(Y/N)
N2: 0
N3: 0
N4: 0
N5: 0
N6: 0
N7: 0
N8: 0
N9: 0
N10: 0
N11: 0
N12: 0
N13: 0
... N101: 0

Sheet Metrics
A1: Metric | B1: Formula | C1: Value
A2: Committed SP | B2: =SUMIFS(Sprint_Data!F:F,Sprint_Data!G:G,"Y") | C2: =SUMIFS(Sprint_Data!F:F,Sprint_Data!G:G,"Y")
A3: Completed SP | B3: =SUMIFS(Sprint_Data!F:F,Sprint_Data!H:H,"Y") | C3: =SUMIFS(Sprint_Data!F:F,Sprint_Data!H:H,"Y")
A4: Commitment % | B4: =IF(C2=0,0,C3/C2) | C4: =IF(C2=0,0,C3/C2)
A5: Committed Stories | B5: =COUNTIF(Sprint_Data!G:G,"Y") | C5: =COUNTIF(Sprint_Data!G:G,"Y")
A6: Carry Stories | B6: =COUNTIF(Sprint_Data!J:J,"Y") | C6: =COUNTIF(Sprint_Data!J:J,"Y")
A7: Carry % | B7: =IF(C5=0,0,C6/C5) | C7: =IF(C5=0,0,C6/C5)
A8: Completed Stories | B8: =COUNTIF(Sprint_Data!H:H,"Y") | C8: =COUNTIF(Sprint_Data!H:H,"Y")
A9: Prod Ready Stories | B9: =COUNTIF(Sprint_Data!I:I,"Y") | C9: =COUNTIF(Sprint_Data!I:I,"Y")
A10: Prod Ready % | B10: =IF(C8=0,0,C9/C8) | C10: =IF(C8=0,0,C9/C8)
A11: Avg Cycle Time | B11: =AVERAGE(IF((Sprint_Data!L2:L101<>"")*(Sprint_Data!M2:M101<>""),Sprint_Data!M2:M101-Sprint_Data!L2:L101)) | C11: =AVERAGE(IF((Sprint_Data!L2:L101<>"")*(Sprint_Data!M2:M101<>""),Sprint_Data!M2:M101-Sprint_Data!L2:L101))
A12: Avg Lead Time | B12: =AVERAGE(IF((Sprint_Data!K2:K101<>"")*(Sprint_Data!M2:M101<>""),Sprint_Data!M2:M101-Sprint_Data!K2:K101)) | C12: =AVERAGE(IF((Sprint_Data!K2:K101<>"")*(Sprint_Data!M2:M101<>""),Sprint_Data!M2:M101-Sprint_Data!K2:K101))
A13: Avg Blocked Days | B13: =AVERAGE(Sprint_Data!N2:N101) | C13: =AVERAGE(Sprint_Data!N2:N101)
A14: Unplanned Stories | B14: =COUNTIF(Sprint_Data!O:O,"Y") | C14: =COUNTIF(Sprint_Data!O:O,"Y")
A15: Unplanned % | B15: =IF(C8=0,0,C14/C8) | C15: =IF(C8=0,0,C14/C8)

Sheet Executive_Dashboard
A1: Engineering Predictability Dashboard
A3: Commitment % | B3: =Metrics!C4 | D3: Delivery Predictability Index
A4: Carry-over % | B4: =Metrics!C7 | D4: =ROUND((B3*0.30)+((1-B4)*0.25)+(B5*0.20)+(MAX(0,1-(B6/6))*0.15)+((1-B9)*0.10),2)
A5: Prod Ready % | B5: =Metrics!C10
A6: Avg Cycle Time | B6: =Metrics!C11
A7: Avg Lead Time | B7: =Metrics!C12
A8: Avg Blocked Days | B8: =Metrics!C13
A9: Unplanned % | B9: =Metrics!C15

Sheet Team_Health
A1: Team | B1: Capacity(days) | C1: Planned SP | D1: Delivered SP | E1: Predictability | F1: Primary Bottleneck
A2: Client
A3: Gateway
A4: QA

Sheet Bottlenecks
A1: Waiting On | B1: Occurrences | C1: Avg Days Lost | D1: Action
A2: Gateway Review
A3: QA
A4: Client
A5: Product
A6: Architecture

Sheet ReadMe
A1: How to Use
A2: 1. Paste/export Jira stories into Sprint_Data.
A3: 2. Fill Team, Story Type, dates and flags.
A4: 3. Dashboard updates automatically.
A5: 4. Review DPI, Commitment, Carry-over, Cycle Time.
A6: 5. Investigate Team_Health and Bottlenecks for actions.
